timestamp,variable,organization,value,ingestion_time
2024-04-13 12:00:00.000000 UTC,CHL-01,adasa,1.4513516426086426,2024-04-14 00:00:00.000000 UTC
2024-04-13 12:00:00.000000 UTC,SPM-01,adasa,3.3374767303466797,2024-04-14 00:00:00.000000 UTC
2024-04-13 12:00:00.000000 UTC,CHL-01,gsinima,1.0101935863494873,2024-04-14 00:00:00.000000 UTC
2024-04-13 12:00:00.000000 UTC,SPM-01,gsinima,,2024-04-14 00:00:00.000000 UTC
2024-04-12 12:00:00.000000 UTC,SPM-01,adasa,0.94981163740158081,2024-04-13 00:00:00.000000 UTC
2024-04-12 12:00:00.000000 UTC,CHL-01,adasa,4.5147194862365723,2024-04-13 00:00:00.000000 UTC
2024-04-12 12:00:00.000000 UTC,SPM-01,gsinima,0.16459958255290985,2024-04-13 00:00:00.000000 UTC
2024-04-12 12:00:00.000000 UTC,CHL-01,gsinima,1.6523818969726562,2024-04-13 00:00:00.000000 UTC
2024-04-11 12:00:00.000000 UTC,CHL-01,adasa,14.049044609069824,2024-04-12 00:00:00.000000 UTC
2024-04-11 12:00:00.000000 UTC,SPM-01,adasa,2.0687448978424072,2024-04-12 00:00:00.000000 UTC
2024-04-11 12:00:00.000000 UTC,CHL-01,gsinima,1.1443400382995605,2024-04-12 00:00:00.000000 UTC
2024-04-11 12:00:00.000000 UTC,SPM-01,gsinima,,2024-04-12 00:00:00.000000 UTC
2024-04-10 12:00:00.000000 UTC,SPM-01,adasa,2.2816147804260254,2024-04-11 00:00:00.000000 UTC
2024-04-10 12:00:00.000000 UTC,CHL-01,adasa,0.91858822107315063,2024-04-11 00:00:00.000000 UTC
2024-04-10 12:00:00.000000 UTC,SPM-01,gsinima,,2024-04-11 00:00:00.000000 UTC
2024-04-10 12:00:00.000000 UTC,CHL-01,gsinima,1.06209397315979,2024-04-11 00:00:00.000000 UTC
2024-04-09 12:00:00.000000 UTC,CHL-01,adasa,13.456204414367676,2024-04-10 00:00:00.000000 UTC
2024-04-09 12:00:00.000000 UTC,SPM-01,adasa,1.7926875352859497,2024-04-10 00:00:00.000000 UTC
2024-04-09 12:00:00.000000 UTC,CHL-01,gsinima,1.0224038362503052,2024-04-10 00:00:00.000000 UTC
2024-04-09 12:00:00.000000 UTC,SPM-01,gsinima,0.17282861471176147,2024-04-10 00:00:00.000000 UTC
2024-04-08 12:00:00.000000 UTC,CHL-01,adasa,2.4569125175476074,2024-04-09 00:00:00.000000 UTC
2024-04-08 12:00:00.000000 UTC,SPM-01,adasa,1.9257363080978394,2024-04-09 00:00:00.000000 UTC
2024-04-08 12:00:00.000000 UTC,CHL-01,gsinima,0.19434705376625061,2024-04-09 00:00:00.000000 UTC
2024-04-08 12:00:00.000000 UTC,SPM-01,gsinima,0.40969246625900269,2024-04-09 00:00:00.000000 UTC
2024-04-07 12:00:00.000000 UTC,CHL-01,adasa,0.66005486249923706,2024-04-08 00:00:00.000000 UTC
2024-04-07 12:00:00.000000 UTC,SPM-01,adasa,0.65843987464904785,2024-04-08 00:00:00.000000 UTC
2024-04-07 12:00:00.000000 UTC,CHL-01,gsinima,0.1808413565158844,2024-04-08 00:00:00.000000 UTC
2024-04-07 12:00:00.000000 UTC,SPM-01,gsinima,,2024-04-08 00:00:00.000000 UTC
2024-04-06 12:00:00.000000 UTC,SPM-01,adasa,0.78633761405944824,2024-04-07 00:00:00.000000 UTC
2024-04-06 12:00:00.000000 UTC,CHL-01,adasa,1.0170512199401855,2024-04-07 00:00:00.000000 UTC
2024-04-06 12:00:00.000000 UTC,SPM-01,gsinima,0.57818251848220825,2024-04-07 00:00:00.000000 UTC
2024-04-06 12:00:00.000000 UTC,CHL-01,gsinima,0.19533810019493103,2024-04-07 00:00:00.000000 UTC
2024-04-05 12:00:00.000000 UTC,SPM-01,adasa,1.1623549461364746,2024-04-06 00:00:00.000000 UTC
2024-04-05 12:00:00.000000 UTC,CHL-01,adasa,14.49350643157959,2024-04-06 00:00:00.000000 UTC
2024-04-05 12:00:00.000000 UTC,SPM-01,gsinima,0.56293243169784546,2024-04-06 00:00:00.000000 UTC
2024-04-05 12:00:00.000000 UTC,CHL-01,gsinima,0.39973396062850952,2024-04-06 00:00:00.000000 UTC
2024-04-04 12:00:00.000000 UTC,CHL-01,adasa,4.9262332916259766,2024-04-05 00:00:00.000000 UTC
2024-04-04 12:00:00.000000 UTC,SPM-01,adasa,0.977655827999115,2024-04-05 00:00:00.000000 UTC
2024-04-04 12:00:00.000000 UTC,CHL-01,gsinima,0.6930164098739624,2024-04-05 00:00:00.000000 UTC
2024-04-04 12:00:00.000000 UTC,SPM-01,gsinima,,2024-04-05 00:00:00.000000 UTC
2024-04-03 12:00:00.000000 UTC,SPM-01,adasa,0.92772185802459717,2024-04-04 00:00:00.000000 UTC
2024-04-03 12:00:00.000000 UTC,CHL-01,adasa,1.5245649814605713,2024-04-04 00:00:00.000000 UTC
2024-04-03 12:00:00.000000 UTC,SPM-01,gsinima,0.17324042320251465,2024-04-04 00:00:00.000000 UTC
2024-04-03 12:00:00.000000 UTC,CHL-01,gsinima,0.84384548664093018,2024-04-04 00:00:00.000000 UTC
2024-04-02 12:00:00.000000 UTC,SPM-01,adasa,0.76760244369506836,2024-04-03 00:00:00.000000 UTC
2024-04-02 12:00:00.000000 UTC,CHL-01,adasa,1.2734317779541016,2024-04-03 00:00:00.000000 UTC
2024-04-02 12:00:00.000000 UTC,SPM-01,gsinima,,2024-04-03 00:00:00.000000 UTC
2024-04-02 12:00:00.000000 UTC,CHL-01,gsinima,0.27011841535568237,2024-04-03 00:00:00.000000 UTC
2024-04-01 12:00:00.000000 UTC,SPM-01,adasa,,2024-04-02 00:00:00.000000 UTC
2024-04-01 12:00:00.000000 UTC,CHL-01,adasa,0.678459644317627,2024-04-02 00:00:00.000000 UTC
2024-04-01 12:00:00.000000 UTC,SPM-01,gsinima,,2024-04-02 00:00:00.000000 UTC
2024-04-01 12:00:00.000000 UTC,CHL-01,gsinima,0.2841021716594696,2024-04-02 00:00:00.000000 UTC
2024-03-31 12:00:00.000000 UTC,SPM-01,adasa,,2024-04-01 00:00:00.000000 UTC
2024-03-31 12:00:00.000000 UTC,CHL-01,adasa,1.7589091062545776,2024-04-01 00:00:00.000000 UTC
2024-03-31 12:00:00.000000 UTC,SPM-01,gsinima,,2024-04-01 00:00:00.000000 UTC
2024-03-31 12:00:00.000000 UTC,CHL-01,gsinima,0.28437650203704834,2024-04-01 00:00:00.000000 UTC
2024-03-30 12:00:00.000000 UTC,CHL-01,adasa,1.1156156063079834,2024-03-31 00:00:00.000000 UTC
2024-03-30 12:00:00.000000 UTC,SPM-01,adasa,0.54431164264678955,2024-03-31 00:00:00.000000 UTC
2024-03-30 12:00:00.000000 UTC,CHL-01,gsinima,0.28452771902084351,2024-03-31 00:00:00.000000 UTC
2024-03-30 12:00:00.000000 UTC,SPM-01,gsinima,0.35131853818893433,2024-03-31 00:00:00.000000 UTC
2024-03-29 12:00:00.000000 UTC,SPM-01,adasa,0.55875283479690552,2024-03-30 00:00:00.000000 UTC
2024-03-29 12:00:00.000000 UTC,CHL-01,adasa,9.8677749633789062,2024-03-30 00:00:00.000000 UTC
2024-03-29 12:00:00.000000 UTC,SPM-01,gsinima,,2024-03-30 00:00:00.000000 UTC
2024-03-29 12:00:00.000000 UTC,CHL-01,gsinima,0.317941278219223,2024-03-30 00:00:00.000000 UTC
2024-03-28 12:00:00.000000 UTC,CHL-01,adasa,1.265254020690918,2024-03-29 00:00:00.000000 UTC
2024-03-28 12:00:00.000000 UTC,CHL-01,gsinima,0.29238113760948181,2024-03-29 00:00:00.000000 UTC
2024-03-27 12:00:00.000000 UTC,CHL-01,adasa,2.9908335208892822,2024-03-28 00:00:00.000000 UTC
2024-03-27 12:00:00.000000 UTC,SPM-01,adasa,0.54721611738204956,2024-03-28 00:00:00.000000 UTC
2024-03-27 12:00:00.000000 UTC,CHL-01,gsinima,1.1135896444320679,2024-03-28 00:00:00.000000 UTC
2024-03-27 12:00:00.000000 UTC,SPM-01,gsinima,0.32969757914543152,2024-03-28 00:00:00.000000 UTC
2024-03-26 12:00:00.000000 UTC,SPM-01,adasa,0.5797761082649231,2024-03-27 00:00:00.000000 UTC
2024-03-26 12:00:00.000000 UTC,CHL-01,adasa,4.37382173538208,2024-03-27 00:00:00.000000 UTC
2024-03-26 12:00:00.000000 UTC,SPM-01,gsinima,0.40436744689941406,2024-03-27 00:00:00.000000 UTC
2024-03-26 12:00:00.000000 UTC,CHL-01,gsinima,1.8278071880340576,2024-03-27 00:00:00.000000 UTC
2024-03-25 12:00:00.000000 UTC,CHL-01,adasa,1.4922078847885132,2024-03-26 00:00:00.000000 UTC
2024-03-25 12:00:00.000000 UTC,SPM-01,adasa,,2024-03-26 00:00:00.000000 UTC
2024-03-25 12:00:00.000000 UTC,CHL-01,gsinima,0.2048332691192627,2024-03-26 00:00:00.000000 UTC
2024-03-25 12:00:00.000000 UTC,SPM-01,gsinima,0.83572959899902344,2024-03-26 00:00:00.000000 UTC
2024-03-24 12:00:00.000000 UTC,CHL-01,adasa,1.3669521808624268,2024-03-25 00:00:00.000000 UTC
2024-03-24 12:00:00.000000 UTC,CHL-01,gsinima,0.25999864935874939,2024-03-25 00:00:00.000000 UTC
2024-03-23 12:00:00.000000 UTC,CHL-01,adasa,1.3660987615585327,2024-03-25 00:00:00.000000 UTC
2024-03-23 12:00:00.000000 UTC,CHL-01,gsinima,0.35038542747497559,2024-03-25 00:00:00.000000 UTC
2024-03-22 12:00:00.000000 UTC,SPM-01,adasa,1.5993024110794067,2024-03-23 00:00:00.000000 UTC
2024-03-22 12:00:00.000000 UTC,CHL-01,adasa,2.1513464450836182,2024-03-23 00:00:00.000000 UTC
2024-03-22 12:00:00.000000 UTC,SPM-01,gsinima,,2024-03-23 00:00:00.000000 UTC
2024-03-22 12:00:00.000000 UTC,CHL-01,gsinima,0.35038051009178162,2024-03-23 00:00:00.000000 UTC
2024-03-21 12:00:00.000000 UTC,SPM-01,adasa,2.4144766330718994,2024-03-22 00:00:00.000000 UTC
2024-03-21 12:00:00.000000 UTC,CHL-01,adasa,2.9516894817352295,2024-03-22 00:00:00.000000 UTC
2024-03-21 12:00:00.000000 UTC,SPM-01,gsinima,0.55628424882888794,2024-03-22 00:00:00.000000 UTC
2024-03-21 12:00:00.000000 UTC,CHL-01,gsinima,0.373368501663208,2024-03-22 00:00:00.000000 UTC
2024-03-20 12:00:00.000000 UTC,SPM-01,adasa,2.5741925239562988,2024-03-21 00:00:00.000000 UTC
2024-03-20 12:00:00.000000 UTC,CHL-01,adasa,5.5979781150817871,2024-03-21 00:00:00.000000 UTC
2024-03-20 12:00:00.000000 UTC,SPM-01,gsinima,0.35269087553024292,2024-03-21 00:00:00.000000 UTC
2024-03-20 12:00:00.000000 UTC,CHL-01,gsinima,0.98191559314727783,2024-03-21 00:00:00.000000 UTC
2024-03-19 12:00:00.000000 UTC,CHL-01,adasa,7.6821732521057129,2024-03-20 00:00:00.000000 UTC
2024-03-19 12:00:00.000000 UTC,SPM-01,adasa,2.2343065738677979,2024-03-20 00:00:00.000000 UTC
2024-03-19 12:00:00.000000 UTC,CHL-01,gsinima,0.46543183922767639,2024-03-20 00:00:00.000000 UTC
2024-03-19 12:00:00.000000 UTC,SPM-01,gsinima,,2024-03-20 00:00:00.000000 UTC
2024-03-18 12:00:00.000000 UTC,CHL-01,adasa,3.5530376434326172,2024-03-20 00:00:00.000000 UTC
2024-03-18 12:00:00.000000 UTC,SPM-01,adasa,2.0226945877075195,2024-03-20 00:00:00.000000 UTC
2024-03-18 12:00:00.000000 UTC,CHL-01,gsinima,0.65862357616424561,2024-03-20 00:00:00.000000 UTC
2024-03-18 12:00:00.000000 UTC,SPM-01,gsinima,0.31131154298782349,2024-03-20 00:00:00.000000 UTC
2024-03-17 12:00:00.000000 UTC,SPM-01,adasa,2.1015958786010742,2024-03-18 00:00:00.000000 UTC
2024-03-17 12:00:00.000000 UTC,CHL-01,adasa,11.083523750305176,2024-03-18 00:00:00.000000 UTC
2024-03-17 12:00:00.000000 UTC,SPM-01,gsinima,0.40337815880775452,2024-03-18 00:00:00.000000 UTC
2024-03-17 12:00:00.000000 UTC,CHL-01,gsinima,0.31490105390548706,2024-03-18 00:00:00.000000 UTC
2024-03-16 12:00:00.000000 UTC,SPM-01,adasa,2.1327378749847412,2024-03-17 00:00:00.000000 UTC
2024-03-16 12:00:00.000000 UTC,CHL-01,adasa,2.8920724391937256,2024-03-17 00:00:00.000000 UTC
2024-03-16 12:00:00.000000 UTC,SPM-01,gsinima,0.40533596277236938,2024-03-17 00:00:00.000000 UTC
2024-03-16 12:00:00.000000 UTC,CHL-01,gsinima,0.33483427762985229,2024-03-17 00:00:00.000000 UTC
2024-03-15 12:00:00.000000 UTC,SPM-01,adasa,1.8308044672012329,2024-03-16 00:00:00.000000 UTC
2024-03-15 12:00:00.000000 UTC,CHL-01,adasa,1.5698437690734863,2024-03-16 00:00:00.000000 UTC
2024-03-15 12:00:00.000000 UTC,SPM-01,gsinima,0.56560808420181274,2024-03-16 00:00:00.000000 UTC
2024-03-15 12:00:00.000000 UTC,CHL-01,gsinima,0.29128509759902954,2024-03-16 00:00:00.000000 UTC
2024-03-14 12:00:00.000000 UTC,SPM-01,adasa,1.7663403749465942,2024-03-15 00:00:00.000000 UTC
2024-03-14 12:00:00.000000 UTC,CHL-01,adasa,3.5214958190917969,2024-03-15 00:00:00.000000 UTC
2024-03-14 12:00:00.000000 UTC,SPM-01,gsinima,0.35023492574691772,2024-03-15 00:00:00.000000 UTC
2024-03-14 12:00:00.000000 UTC,CHL-01,gsinima,0.46901446580886841,2024-03-15 00:00:00.000000 UTC
2024-03-13 12:00:00.000000 UTC,SPM-01,adasa,1.5156986713409424,2024-03-14 00:00:00.000000 UTC
2024-03-13 12:00:00.000000 UTC,CHL-01,adasa,1.7732574939727783,2024-03-14 00:00:00.000000 UTC
2024-03-13 12:00:00.000000 UTC,SPM-01,gsinima,0.53743702173233032,2024-03-14 00:00:00.000000 UTC
2024-03-13 12:00:00.000000 UTC,CHL-01,gsinima,0.3106628954410553,2024-03-14 00:00:00.000000 UTC
2024-03-12 12:00:00.000000 UTC,SPM-01,adasa,1.5997380018234253,2024-03-13 00:00:00.000000 UTC
2024-03-12 12:00:00.000000 UTC,CHL-01,adasa,1.9569292068481445,2024-03-13 00:00:00.000000 UTC
2024-03-12 12:00:00.000000 UTC,SPM-01,gsinima,0.32626345753669739,2024-03-13 00:00:00.000000 UTC
2024-03-12 12:00:00.000000 UTC,CHL-01,gsinima,3.0420622825622559,2024-03-13 00:00:00.000000 UTC
2024-03-11 12:00:00.000000 UTC,CHL-01,adasa,3.9907622337341309,2024-03-12 00:00:00.000000 UTC
2024-03-11 12:00:00.000000 UTC,SPM-01,adasa,1.9420801401138306,2024-03-12 00:00:00.000000 UTC
2024-03-11 12:00:00.000000 UTC,CHL-01,gsinima,0.35916557908058167,2024-03-12 00:00:00.000000 UTC
2024-03-11 12:00:00.000000 UTC,SPM-01,gsinima,0.46851673722267151,2024-03-12 00:00:00.000000 UTC
2024-03-10 12:00:00.000000 UTC,CHL-01,adasa,1.4701608419418335,2024-03-11 00:00:00.000000 UTC
2024-03-10 12:00:00.000000 UTC,SPM-01,adasa,1.2922699451446533,2024-03-11 00:00:00.000000 UTC
2024-03-10 12:00:00.000000 UTC,CHL-01,gsinima,0.28549903631210327,2024-03-11 00:00:00.000000 UTC
2024-03-10 12:00:00.000000 UTC,SPM-01,gsinima,0.47366267442703247,2024-03-11 00:00:00.000000 UTC
2024-03-09 12:00:00.000000 UTC,CHL-01,adasa,2.7704131603240967,2024-03-11 00:00:00.000000 UTC
2024-03-09 12:00:00.000000 UTC,CHL-01,adasa,2.7704131603240967,2024-03-11 00:00:00.000000 UTC
2024-03-09 12:00:00.000000 UTC,SPM-01,adasa,1.0622678995132446,2024-03-11 00:00:00.000000 UTC
2024-03-09 12:00:00.000000 UTC,SPM-01,adasa,1.0622678995132446,2024-03-11 00:00:00.000000 UTC
2024-03-09 12:00:00.000000 UTC,CHL-01,gsinima,0.34550672769546509,2024-03-11 00:00:00.000000 UTC
2024-03-09 12:00:00.000000 UTC,CHL-01,gsinima,0.34550672769546509,2024-03-11 00:00:00.000000 UTC
2024-03-09 12:00:00.000000 UTC,SPM-01,gsinima,0.66750657558441162,2024-03-11 00:00:00.000000 UTC
2024-03-09 12:00:00.000000 UTC,SPM-01,gsinima,0.66750657558441162,2024-03-11 00:00:00.000000 UTC
2024-03-08 12:00:00.000000 UTC,SPM-01,adasa,1.2263059616088867,2024-03-09 00:00:00.000000 UTC
2024-03-08 12:00:00.000000 UTC,CHL-01,adasa,3.3903238773345947,2024-03-09 00:00:00.000000 UTC
2024-03-08 12:00:00.000000 UTC,SPM-01,gsinima,0.6112707257270813,2024-03-09 00:00:00.000000 UTC
2024-03-08 12:00:00.000000 UTC,CHL-01,gsinima,0.5899578332901001,2024-03-09 00:00:00.000000 UTC
2024-03-07 12:00:00.000000 UTC,SPM-01,adasa,1.4890085458755493,2024-03-08 00:00:00.000000 UTC
2024-03-07 12:00:00.000000 UTC,CHL-01,adasa,2.9255454540252686,2024-03-08 00:00:00.000000 UTC
2024-03-07 12:00:00.000000 UTC,SPM-01,gsinima,0.56233435869216919,2024-03-08 00:00:00.000000 UTC
2024-03-07 12:00:00.000000 UTC,CHL-01,gsinima,2.112208366394043,2024-03-08 00:00:00.000000 UTC
2024-03-06 12:00:00.000000 UTC,SPM-01,adasa,1.9071869850158691,2024-03-07 00:00:00.000000 UTC
2024-03-06 12:00:00.000000 UTC,CHL-01,adasa,3.5177173614501953,2024-03-07 00:00:00.000000 UTC
2024-03-06 12:00:00.000000 UTC,SPM-01,gsinima,0.47475546598434448,2024-03-07 00:00:00.000000 UTC
2024-03-06 12:00:00.000000 UTC,CHL-01,gsinima,3.7873516082763672,2024-03-07 00:00:00.000000 UTC
2024-03-05 12:00:00.000000 UTC,CHL-01,adasa,7.0796756744384766,2024-03-06 00:00:00.000000 UTC
2024-03-05 12:00:00.000000 UTC,SPM-01,adasa,2.2660353183746338,2024-03-06 00:00:00.000000 UTC
2024-03-05 12:00:00.000000 UTC,CHL-01,gsinima,3.4416718482971191,2024-03-06 00:00:00.000000 UTC
2024-03-05 12:00:00.000000 UTC,SPM-01,gsinima,0.43285614252090454,2024-03-06 00:00:00.000000 UTC
2024-03-04 12:00:00.000000 UTC,CHL-01,adasa,3.650031566619873,2024-03-05 00:00:00.000000 UTC
2024-03-04 12:00:00.000000 UTC,SPM-01,adasa,2.229689359664917,2024-03-05 00:00:00.000000 UTC
2024-03-04 12:00:00.000000 UTC,CHL-01,gsinima,2.0536174774169922,2024-03-05 00:00:00.000000 UTC
2024-03-04 12:00:00.000000 UTC,SPM-01,gsinima,0.363312304019928,2024-03-05 00:00:00.000000 UTC
2024-03-03 12:00:00.000000 UTC,CHL-01,adasa,4.1086125373840332,2024-03-04 00:00:00.000000 UTC
2024-03-03 12:00:00.000000 UTC,SPM-01,adasa,2.022608757019043,2024-03-04 00:00:00.000000 UTC
2024-03-03 12:00:00.000000 UTC,CHL-01,gsinima,0.50509321689605713,2024-03-04 00:00:00.000000 UTC
2024-03-03 12:00:00.000000 UTC,SPM-01,gsinima,0.64211791753768921,2024-03-04 00:00:00.000000 UTC
2024-03-02 12:00:00.000000 UTC,SPM-01,adasa,1.9499706029891968,2024-03-03 00:00:00.000000 UTC
2024-03-02 12:00:00.000000 UTC,CHL-01,adasa,3.6545083522796631,2024-03-03 00:00:00.000000 UTC
2024-03-02 12:00:00.000000 UTC,SPM-01,gsinima,0.409365177154541,2024-03-03 00:00:00.000000 UTC
2024-03-02 12:00:00.000000 UTC,CHL-01,gsinima,0.70949923992156982,2024-03-03 00:00:00.000000 UTC
2024-03-01 12:00:00.000000 UTC,SPM-01,adasa,1.864241361618042,2024-03-02 00:00:00.000000 UTC
2024-03-01 12:00:00.000000 UTC,CHL-01,adasa,2.4528794288635254,2024-03-02 00:00:00.000000 UTC
2024-03-01 12:00:00.000000 UTC,SPM-01,gsinima,0.42553216218948364,2024-03-02 00:00:00.000000 UTC
2024-03-01 12:00:00.000000 UTC,CHL-01,gsinima,0.40684252977371216,2024-03-02 00:00:00.000000 UTC
2024-02-29 12:00:00.000000 UTC,CHL-01,adasa,4.6804671287536621,2024-03-01 00:00:00.000000 UTC
2024-02-29 12:00:00.000000 UTC,SPM-01,adasa,1.5139442682266235,2024-03-01 00:00:00.000000 UTC
2024-02-29 12:00:00.000000 UTC,SPM-01,adasa,1.5139442682266235,2024-03-01 00:00:00.000000 UTC
2024-02-29 12:00:00.000000 UTC,CHL-01,adasa,4.6804671287536621,2024-03-01 00:00:00.000000 UTC
2024-02-29 12:00:00.000000 UTC,CHL-01,gsinima,1.1590945720672607,2024-03-01 00:00:00.000000 UTC
2024-02-29 12:00:00.000000 UTC,SPM-01,gsinima,0.47227150201797485,2024-03-01 00:00:00.000000 UTC
2024-02-29 12:00:00.000000 UTC,SPM-01,gsinima,0.47227150201797485,2024-03-01 00:00:00.000000 UTC
2024-02-29 12:00:00.000000 UTC,CHL-01,gsinima,1.1590945720672607,2024-03-01 00:00:00.000000 UTC
2024-02-28 12:00:00.000000 UTC,CHL-01,adasa,4.1148948669433594,2024-02-29 00:00:00.000000 UTC
2024-02-28 12:00:00.000000 UTC,SPM-01,adasa,1.7378948926925659,2024-02-29 00:00:00.000000 UTC
2024-02-28 12:00:00.000000 UTC,CHL-01,gsinima,0.44846844673156738,2024-02-29 00:00:00.000000 UTC
2024-02-28 12:00:00.000000 UTC,SPM-01,gsinima,0.37066534161567688,2024-02-29 00:00:00.000000 UTC
2024-02-27 12:00:00.000000 UTC,SPM-01,adasa,1.3615736961364746,2024-02-28 00:00:00.000000 UTC
2024-02-27 12:00:00.000000 UTC,CHL-01,adasa,5.5319304466247559,2024-02-28 00:00:00.000000 UTC
2024-02-27 12:00:00.000000 UTC,SPM-01,gsinima,0.43982627987861633,2024-02-28 00:00:00.000000 UTC
2024-02-27 12:00:00.000000 UTC,CHL-01,gsinima,0.29371413588523865,2024-02-28 00:00:00.000000 UTC
2024-02-26 12:00:00.000000 UTC,CHL-01,adasa,1.8100094795227051,2024-02-28 00:00:00.000000 UTC
2024-02-26 12:00:00.000000 UTC,CHL-01,gsinima,0.3404214084148407,2024-02-28 00:00:00.000000 UTC
2024-02-26 12:00:00.000000 UTC,SPM-01,adasa,1.6603912115097046,2024-02-27 00:00:00.000000 UTC
2024-02-26 12:00:00.000000 UTC,CHL-01,adasa,1.8100094795227051,2024-02-27 00:00:00.000000 UTC
2024-02-26 12:00:00.000000 UTC,SPM-01,gsinima,0.503684401512146,2024-02-27 00:00:00.000000 UTC
2024-02-26 12:00:00.000000 UTC,CHL-01,gsinima,0.3404214084148407,2024-02-27 00:00:00.000000 UTC
2024-02-25 12:00:00.000000 UTC,CHL-01,adasa,4.0135693550109863,2024-02-26 00:00:00.000000 UTC
2024-02-25 12:00:00.000000 UTC,SPM-01,adasa,,2024-02-26 00:00:00.000000 UTC
2024-02-25 12:00:00.000000 UTC,CHL-01,gsinima,4.5093903541564941,2024-02-26 00:00:00.000000 UTC
2024-02-25 12:00:00.000000 UTC,SPM-01,gsinima,,2024-02-26 00:00:00.000000 UTC
2024-02-24 12:00:00.000000 UTC,CHL-01,adasa,4.01114559173584,2024-02-25 00:00:00.000000 UTC
2024-02-24 12:00:00.000000 UTC,SPM-01,adasa,1.4085086584091187,2024-02-25 00:00:00.000000 UTC
2024-02-24 12:00:00.000000 UTC,CHL-01,gsinima,4.7471933364868164,2024-02-25 00:00:00.000000 UTC
2024-02-24 12:00:00.000000 UTC,SPM-01,gsinima,0.50674450397491455,2024-02-25 00:00:00.000000 UTC
2024-02-23 12:00:00.000000 UTC,CHL-01,adasa,3.5959224700927734,2024-02-24 00:00:00.000000 UTC
2024-02-23 12:00:00.000000 UTC,SPM-01,adasa,1.1692924499511719,2024-02-24 00:00:00.000000 UTC
2024-02-23 12:00:00.000000 UTC,CHL-01,gsinima,4.3133392333984375,2024-02-24 00:00:00.000000 UTC
2024-02-23 12:00:00.000000 UTC,SPM-01,gsinima,0.46736583113670349,2024-02-24 00:00:00.000000 UTC
2024-02-22 12:00:00.000000 UTC,SPM-01,adasa,,2024-02-23 00:00:00.000000 UTC
2024-02-22 12:00:00.000000 UTC,SPM-01,adasa,,2024-02-23 00:00:00.000000 UTC
2024-02-22 12:00:00.000000 UTC,CHL-01,adasa,,2024-02-23 00:00:00.000000 UTC
2024-02-22 12:00:00.000000 UTC,CHL-01,adasa,,2024-02-23 00:00:00.000000 UTC
2024-02-22 12:00:00.000000 UTC,SPM-01,adasa,0.92259550094604492,2024-02-23 00:00:00.000000 UTC
2024-02-22 12:00:00.000000 UTC,CHL-01,adasa,4.7949180603027344,2024-02-23 00:00:00.000000 UTC
2024-02-22 12:00:00.000000 UTC,SPM-01,gsinima,,2024-02-23 00:00:00.000000 UTC
2024-02-22 12:00:00.000000 UTC,SPM-01,gsinima,,2024-02-23 00:00:00.000000 UTC
2024-02-22 12:00:00.000000 UTC,CHL-01,gsinima,,2024-02-23 00:00:00.000000 UTC
2024-02-22 12:00:00.000000 UTC,CHL-01,gsinima,,2024-02-23 00:00:00.000000 UTC
2024-02-22 12:00:00.000000 UTC,SPM-01,gsinima,0.30143138766288757,2024-02-23 00:00:00.000000 UTC
2024-02-22 12:00:00.000000 UTC,CHL-01,gsinima,4.454218864440918,2024-02-23 00:00:00.000000 UTC
2024-02-21 12:00:00.000000 UTC,CHL-01,adasa,,2024-02-22 00:00:00.000000 UTC
2024-02-21 12:00:00.000000 UTC,SPM-01,adasa,,2024-02-22 00:00:00.000000 UTC
2024-02-21 12:00:00.000000 UTC,CHL-01,adasa,1.6897367238998413,2024-02-22 00:00:00.000000 UTC
2024-02-21 12:00:00.000000 UTC,SPM-01,adasa,0.83373177051544189,2024-02-22 00:00:00.000000 UTC
2024-02-21 12:00:00.000000 UTC,CHL-01,gsinima,,2024-02-22 00:00:00.000000 UTC
2024-02-21 12:00:00.000000 UTC,SPM-01,gsinima,,2024-02-22 00:00:00.000000 UTC
2024-02-21 12:00:00.000000 UTC,CHL-01,gsinima,1.0358741283416748,2024-02-22 00:00:00.000000 UTC
2024-02-21 12:00:00.000000 UTC,SPM-01,gsinima,1.3462527990341187,2024-02-22 00:00:00.000000 UTC
2024-02-20 12:00:00.000000 UTC,CHL-01,adasa,2.7194514274597168,2024-02-22 00:00:00.000000 UTC
2024-02-20 12:00:00.000000 UTC,SPM-01,adasa,0.947771430015564,2024-02-22 00:00:00.000000 UTC
2024-02-20 12:00:00.000000 UTC,CHL-01,gsinima,0.77515637874603271,2024-02-22 00:00:00.000000 UTC
2024-02-20 12:00:00.000000 UTC,SPM-01,gsinima,0.31992426514625549,2024-02-22 00:00:00.000000 UTC
2024-02-20 12:00:00.000000 UTC,SPM-01,adasa,,2024-02-21 00:00:00.000000 UTC
2024-02-20 12:00:00.000000 UTC,CHL-01,adasa,,2024-02-21 00:00:00.000000 UTC
2024-02-20 12:00:00.000000 UTC,SPM-01,gsinima,,2024-02-21 00:00:00.000000 UTC
2024-02-20 12:00:00.000000 UTC,CHL-01,gsinima,,2024-02-21 00:00:00.000000 UTC
2024-02-19 12:00:00.000000 UTC,SPM-01,adasa,0.79213660955429077,2024-02-20 00:00:00.000000 UTC
2024-02-19 12:00:00.000000 UTC,CHL-01,adasa,3.1189398765563965,2024-02-20 00:00:00.000000 UTC
2024-02-19 12:00:00.000000 UTC,SPM-01,gsinima,0.27305212616920471,2024-02-20 00:00:00.000000 UTC
2024-02-19 12:00:00.000000 UTC,CHL-01,gsinima,0.728141188621521,2024-02-20 00:00:00.000000 UTC
2024-02-18 12:00:00.000000 UTC,CHL-01,adasa,1.0584230422973633,2024-02-19 00:00:00.000000 UTC
2024-02-18 12:00:00.000000 UTC,SPM-01,adasa,0.394060879945755,2024-02-19 00:00:00.000000 UTC
2024-02-18 12:00:00.000000 UTC,CHL-01,gsinima,0.39323920011520386,2024-02-19 00:00:00.000000 UTC
2024-02-18 12:00:00.000000 UTC,SPM-01,gsinima,0.883428692817688,2024-02-19 00:00:00.000000 UTC
2024-02-17 12:00:00.000000 UTC,SPM-01,adasa,0.4769904613494873,2024-02-18 00:00:00.000000 UTC
2024-02-17 12:00:00.000000 UTC,CHL-01,adasa,1.2252862453460693,2024-02-18 00:00:00.000000 UTC
2024-02-17 12:00:00.000000 UTC,SPM-01,gsinima,,2024-02-18 00:00:00.000000 UTC
2024-02-17 12:00:00.000000 UTC,CHL-01,gsinima,0.50417578220367432,2024-02-18 00:00:00.000000 UTC
2024-02-16 12:00:00.000000 UTC,CHL-01,adasa,0.7918086051940918,2024-02-17 00:00:00.000000 UTC
2024-02-16 12:00:00.000000 UTC,SPM-01,adasa,,2024-02-17 00:00:00.000000 UTC
2024-02-16 12:00:00.000000 UTC,CHL-01,gsinima,0.52650433778762817,2024-02-17 00:00:00.000000 UTC
2024-02-16 12:00:00.000000 UTC,SPM-01,gsinima,,2024-02-17 00:00:00.000000 UTC
2024-02-15 12:00:00.000000 UTC,CHL-01,gsinima,0.5272676944732666,2024-02-16 00:00:00.000000 UTC
2024-02-15 12:00:00.000000 UTC,CHL-01,gsinima,0.5272676944732666,2024-02-16 00:00:00.000000 UTC
2024-02-15 12:00:00.000000 UTC,SPM-01,gsinima,0.59804362058639526,2024-02-16 00:00:00.000000 UTC
2024-02-15 12:00:00.000000 UTC,SPM-01,gsinima,0.59804362058639526,2024-02-16 00:00:00.000000 UTC
2024-02-15 12:00:00.000000 UTC,SPM-01,adasa,,2024-02-16 00:00:00.000000 UTC
2024-02-15 12:00:00.000000 UTC,SPM-01,adasa,,2024-02-16 00:00:00.000000 UTC
2024-02-15 12:00:00.000000 UTC,CHL-01,adasa,1.1538059711456299,2024-02-16 00:00:00.000000 UTC
2024-02-15 12:00:00.000000 UTC,CHL-01,adasa,1.1538059711456299,2024-02-16 00:00:00.000000 UTC
2024-02-14 12:00:00.000000 UTC,CHL-01,adasa,,2024-02-15 00:00:00.000000 UTC
2024-02-14 12:00:00.000000 UTC,SPM-01,adasa,,2024-02-15 00:00:00.000000 UTC
2024-02-14 12:00:00.000000 UTC,CHL-01,gsinima,,2024-02-15 00:00:00.000000 UTC
2024-02-14 12:00:00.000000 UTC,SPM-01,gsinima,,2024-02-15 00:00:00.000000 UTC
2024-02-14 12:00:00.000000 UTC,CHL-01,gsinima,1.6290380954742432,2024-02-16 00:00:00.000000 UTC
2024-02-14 12:00:00.000000 UTC,SPM-01,gsinima,0.46032175421714783,2024-02-16 00:00:00.000000 UTC
2024-02-14 12:00:00.000000 UTC,SPM-01,adasa,0.2947266697883606,2024-02-16 00:00:00.000000 UTC
2024-02-14 12:00:00.000000 UTC,CHL-01,adasa,1.12975013256073,2024-02-16 00:00:00.000000 UTC
2024-02-13 12:00:00.000000 UTC,SPM-01,adasa,0.70960384607315063,2024-02-14 00:00:00.000000 UTC
2024-02-13 12:00:00.000000 UTC,CHL-01,adasa,1.2638564109802246,2024-02-14 00:00:00.000000 UTC
2024-02-13 12:00:00.000000 UTC,SPM-01,gsinima,0.76715219020843506,2024-02-14 00:00:00.000000 UTC
2024-02-13 12:00:00.000000 UTC,CHL-01,gsinima,0.54738748073577881,2024-02-14 00:00:00.000000 UTC
2024-02-13 12:00:00.000000 UTC,CHL-01,gsinima,0.54738748073577881,2024-02-16 00:00:00.000000 UTC
2024-02-13 12:00:00.000000 UTC,SPM-01,gsinima,0.76715219020843506,2024-02-16 00:00:00.000000 UTC
2024-02-13 12:00:00.000000 UTC,SPM-01,adasa,0.70960384607315063,2024-02-16 00:00:00.000000 UTC
2024-02-13 12:00:00.000000 UTC,CHL-01,adasa,1.2638564109802246,2024-02-16 00:00:00.000000 UTC
2024-02-12 12:00:00.000000 UTC,SPM-01,adasa,,2024-02-13 00:00:00.000000 UTC
2024-02-12 12:00:00.000000 UTC,CHL-01,adasa,0.36533266305923462,2024-02-13 00:00:00.000000 UTC
2024-02-12 12:00:00.000000 UTC,SPM-01,gsinima,0.52391636371612549,2024-02-13 00:00:00.000000 UTC
2024-02-12 12:00:00.000000 UTC,CHL-01,gsinima,4.6338310241699219,2024-02-13 00:00:00.000000 UTC
2024-02-11 12:00:00.000000 UTC,CHL-01,adasa,0.40056094527244568,2024-02-12 00:00:00.000000 UTC
2024-02-11 12:00:00.000000 UTC,SPM-01,adasa,,2024-02-12 00:00:00.000000 UTC
2024-02-11 12:00:00.000000 UTC,CHL-01,gsinima,7.3661103248596191,2024-02-12 00:00:00.000000 UTC
2024-02-11 12:00:00.000000 UTC,SPM-01,gsinima,,2024-02-12 00:00:00.000000 UTC
2024-02-10 12:00:00.000000 UTC,CHL-01,adasa,0.34637433290481567,2024-02-11 00:00:00.000000 UTC
2024-02-10 12:00:00.000000 UTC,SPM-01,adasa,,2024-02-11 00:00:00.000000 UTC
2024-02-10 12:00:00.000000 UTC,CHL-01,gsinima,7.3447051048278809,2024-02-11 00:00:00.000000 UTC
2024-02-10 12:00:00.000000 UTC,SPM-01,gsinima,,2024-02-11 00:00:00.000000 UTC
2024-02-09 12:00:00.000000 UTC,CHL-01,adasa,0.82277119159698486,2024-02-10 00:00:00.000000 UTC
2024-02-09 12:00:00.000000 UTC,SPM-01,adasa,0.42826735973358154,2024-02-10 00:00:00.000000 UTC
2024-02-09 12:00:00.000000 UTC,CHL-01,gsinima,8.1364421844482422,2024-02-10 00:00:00.000000 UTC
2024-02-09 12:00:00.000000 UTC,SPM-01,gsinima,,2024-02-10 00:00:00.000000 UTC
2024-02-08 12:00:00.000000 UTC,CHL-01,adasa,0.507790207862854,2024-02-09 00:00:00.000000 UTC
2024-02-08 12:00:00.000000 UTC,SPM-01,adasa,0.49060454964637756,2024-02-09 00:00:00.000000 UTC
2024-02-08 12:00:00.000000 UTC,CHL-01,gsinima,9.45893669128418,2024-02-09 00:00:00.000000 UTC
2024-02-08 12:00:00.000000 UTC,SPM-01,gsinima,1.0022276639938354,2024-02-09 00:00:00.000000 UTC
2024-02-07 12:00:00.000000 UTC,SPM-01,adasa,,2024-02-08 00:00:00.000000 UTC
2024-02-07 12:00:00.000000 UTC,CHL-01,adasa,,2024-02-08 00:00:00.000000 UTC
2024-02-07 12:00:00.000000 UTC,SPM-01,gsinima,,2024-02-08 00:00:00.000000 UTC
2024-02-07 12:00:00.000000 UTC,CHL-01,gsinima,,2024-02-08 00:00:00.000000 UTC
2024-02-07 12:00:00.000000 UTC,SPM-01,adasa,0.29798564314842224,2024-02-09 00:00:00.000000 UTC
2024-02-07 12:00:00.000000 UTC,CHL-01,adasa,0.49861401319503784,2024-02-09 00:00:00.000000 UTC
2024-02-07 12:00:00.000000 UTC,SPM-01,gsinima,0.71757662296295166,2024-02-09 00:00:00.000000 UTC
2024-02-07 12:00:00.000000 UTC,CHL-01,gsinima,1.3366714715957642,2024-02-09 00:00:00.000000 UTC
2024-02-06 12:00:00.000000 UTC,SPM-01,adasa,0.14855486154556274,2024-02-07 00:00:00.000000 UTC
2024-02-06 12:00:00.000000 UTC,CHL-01,adasa,0.75580888986587524,2024-02-07 00:00:00.000000 UTC
2024-02-06 12:00:00.000000 UTC,SPM-01,gsinima,1.2625740766525269,2024-02-07 00:00:00.000000 UTC
2024-02-06 12:00:00.000000 UTC,CHL-01,gsinima,3.5212757587432861,2024-02-07 00:00:00.000000 UTC
2024-02-05 12:00:00.000000 UTC,CHL-01,adasa,0.80426967144012451,2024-02-06 00:00:00.000000 UTC
2024-02-05 12:00:00.000000 UTC,SPM-01,adasa,0.38181069493293762,2024-02-06 00:00:00.000000 UTC
2024-02-05 12:00:00.000000 UTC,CHL-01,gsinima,8.71936321258545,2024-02-06 00:00:00.000000 UTC
2024-02-05 12:00:00.000000 UTC,SPM-01,gsinima,0.92734020948410034,2024-02-06 00:00:00.000000 UTC
2024-02-04 12:00:00.000000 UTC,SPM-01,gsinima,1.0178394317626953,2024-02-05 00:00:00.000000 UTC
2024-02-04 12:00:00.000000 UTC,CHL-01,gsinima,0.76103115081787109,2024-02-05 00:00:00.000000 UTC
2024-02-04 12:00:00.000000 UTC,SPM-01,adasa,0.26470643281936646,2024-02-05 00:00:00.000000 UTC
2024-02-04 12:00:00.000000 UTC,CHL-01,adasa,0.36540645360946655,2024-02-05 00:00:00.000000 UTC
2024-02-03 12:00:00.000000 UTC,SPM-01,gsinima,0.3145347535610199,2024-02-05 00:00:00.000000 UTC
2024-02-03 12:00:00.000000 UTC,CHL-01,gsinima,7.0188932418823242,2024-02-05 00:00:00.000000 UTC
2024-02-03 12:00:00.000000 UTC,CHL-01,adasa,0.67584806680679321,2024-02-05 00:00:00.000000 UTC
2024-02-03 12:00:00.000000 UTC,SPM-01,adasa,0.48672387003898621,2024-02-05 00:00:00.000000 UTC
2024-02-02 12:00:00.000000 UTC,CHL-01,gsinima,0.46688088774681091,2024-02-05 00:00:00.000000 UTC
2024-02-02 12:00:00.000000 UTC,SPM-01,gsinima,0.48727196455001831,2024-02-05 00:00:00.000000 UTC
2024-02-02 12:00:00.000000 UTC,SPM-01,adasa,,2024-02-05 00:00:00.000000 UTC
2024-02-02 12:00:00.000000 UTC,CHL-01,adasa,0.39382293820381165,2024-02-05 00:00:00.000000 UTC
2024-02-01 12:00:00.000000 UTC,CHL-01,gsinima,4.3407468795776367,2024-02-05 00:00:00.000000 UTC
2024-02-01 12:00:00.000000 UTC,SPM-01,gsinima,0.42295265197753906,2024-02-05 00:00:00.000000 UTC
2024-02-01 12:00:00.000000 UTC,SPM-01,adasa,0.81831026077270508,2024-02-05 00:00:00.000000 UTC
2024-02-01 12:00:00.000000 UTC,CHL-01,adasa,0.82872706651687622,2024-02-05 00:00:00.000000 UTC
2024-01-31 12:00:00.000000 UTC,SPM-01,adasa,1.7879152297973633,2024-02-01 00:00:00.000000 UTC
2024-01-31 12:00:00.000000 UTC,CHL-01,adasa,0.73043197393417358,2024-02-01 00:00:00.000000 UTC
2024-01-31 12:00:00.000000 UTC,SPM-01,gsinima,0.60358858108520508,2024-02-01 00:00:00.000000 UTC
2024-01-31 12:00:00.000000 UTC,CHL-01,gsinima,1.9118937253952026,2024-02-01 00:00:00.000000 UTC
2024-01-30 12:00:00.000000 UTC,SPM-01,adasa,1.0798568725585938,2024-01-31 00:00:00.000000 UTC
2024-01-30 12:00:00.000000 UTC,CHL-01,adasa,1.0551190376281738,2024-01-31 00:00:00.000000 UTC
2024-01-30 12:00:00.000000 UTC,SPM-01,gsinima,0.73751151561737061,2024-01-31 00:00:00.000000 UTC
2024-01-30 12:00:00.000000 UTC,CHL-01,gsinima,0.72892314195632935,2024-01-31 00:00:00.000000 UTC
2024-01-29 12:00:00.000000 UTC,CHL-01,adasa,1.3751345872879028,2024-01-30 00:00:00.000000 UTC
2024-01-29 12:00:00.000000 UTC,SPM-01,adasa,1.0412099361419678,2024-01-30 00:00:00.000000 UTC
2024-01-29 12:00:00.000000 UTC,CHL-01,gsinima,1.9341875314712524,2024-01-30 00:00:00.000000 UTC
2024-01-29 12:00:00.000000 UTC,SPM-01,gsinima,0.68675917387008667,2024-01-30 00:00:00.000000 UTC
2024-01-28 12:00:00.000000 UTC,CHL-01,adasa,0.7760460376739502,2024-01-29 00:00:00.000000 UTC
2024-01-28 12:00:00.000000 UTC,SPM-01,adasa,0.82457834482192993,2024-01-29 00:00:00.000000 UTC
2024-01-28 12:00:00.000000 UTC,CHL-01,gsinima,1.8233282566070557,2024-01-29 00:00:00.000000 UTC
2024-01-28 12:00:00.000000 UTC,SPM-01,gsinima,0.75672543048858643,2024-01-29 00:00:00.000000 UTC
2024-01-27 12:00:00.000000 UTC,CHL-01,adasa,1.8849020004272461,2024-01-28 00:00:00.000000 UTC
2024-01-27 12:00:00.000000 UTC,SPM-01,adasa,1.3688124418258667,2024-01-28 00:00:00.000000 UTC
2024-01-27 12:00:00.000000 UTC,CHL-01,gsinima,3.1698408126831055,2024-01-28 00:00:00.000000 UTC
2024-01-27 12:00:00.000000 UTC,SPM-01,gsinima,0.76473420858383179,2024-01-28 00:00:00.000000 UTC
2024-01-26 12:00:00.000000 UTC,CHL-01,adasa,2.0015339851379395,2024-01-27 00:00:00.000000 UTC
2024-01-26 12:00:00.000000 UTC,SPM-01,adasa,1.3566281795501709,2024-01-27 00:00:00.000000 UTC
2024-01-26 12:00:00.000000 UTC,CHL-01,gsinima,4.0204000473022461,2024-01-27 00:00:00.000000 UTC
2024-01-26 12:00:00.000000 UTC,SPM-01,gsinima,0.92789030075073242,2024-01-27 00:00:00.000000 UTC
2024-01-25 12:00:00.000000 UTC,SPM-01,adasa,1.5654792785644531,2024-01-26 00:00:00.000000 UTC
2024-01-25 12:00:00.000000 UTC,CHL-01,adasa,2.3136258125305176,2024-01-26 00:00:00.000000 UTC
2024-01-25 12:00:00.000000 UTC,SPM-01,gsinima,0.67207765579223633,2024-01-26 00:00:00.000000 UTC
2024-01-25 12:00:00.000000 UTC,CHL-01,gsinima,8.6283683776855469,2024-01-26 00:00:00.000000 UTC
2024-01-24 12:00:00.000000 UTC,CHL-01,adasa,3.2704458236694336,2024-01-25 00:00:00.000000 UTC
2024-01-24 12:00:00.000000 UTC,SPM-01,adasa,1.4510360956192017,2024-01-25 00:00:00.000000 UTC
2024-01-24 12:00:00.000000 UTC,CHL-01,gsinima,1.5580513477325439,2024-01-25 00:00:00.000000 UTC
2024-01-24 12:00:00.000000 UTC,SPM-01,gsinima,0.44986441731452942,2024-01-25 00:00:00.000000 UTC
2024-01-23 12:00:00.000000 UTC,SPM-01,adasa,1.2959216833114624,2024-01-24 00:00:00.000000 UTC
2024-01-23 12:00:00.000000 UTC,CHL-01,adasa,1.9735308885574341,2024-01-24 00:00:00.000000 UTC
2024-01-23 12:00:00.000000 UTC,SPM-01,gsinima,0.38872665166854858,2024-01-24 00:00:00.000000 UTC
2024-01-23 12:00:00.000000 UTC,CHL-01,gsinima,2.8785421848297119,2024-01-24 00:00:00.000000 UTC
2024-01-22 12:00:00.000000 UTC,CHL-01,adasa,2.6657624244689941,2024-01-23 00:00:00.000000 UTC
2024-01-22 12:00:00.000000 UTC,SPM-01,adasa,1.1542114019393921,2024-01-23 00:00:00.000000 UTC
2024-01-22 12:00:00.000000 UTC,CHL-01,gsinima,0.72778600454330444,2024-01-23 00:00:00.000000 UTC
2024-01-22 12:00:00.000000 UTC,SPM-01,gsinima,0.58601951599121094,2024-01-23 00:00:00.000000 UTC
2024-01-21 12:00:00.000000 UTC,CHL-01,adasa,2.6887826919555664,2024-01-22 00:00:00.000000 UTC
2024-01-21 12:00:00.000000 UTC,SPM-01,adasa,1.3639450073242188,2024-01-22 00:00:00.000000 UTC
2024-01-21 12:00:00.000000 UTC,CHL-01,gsinima,2.4908466339111328,2024-01-22 00:00:00.000000 UTC
2024-01-21 12:00:00.000000 UTC,SPM-01,gsinima,1.2023017406463623,2024-01-22 00:00:00.000000 UTC
2024-01-20 12:00:00.000000 UTC,CHL-01,adasa,3.2940993309020996,2024-01-21 00:00:00.000000 UTC
2024-01-20 12:00:00.000000 UTC,SPM-01,adasa,1.5065271854400635,2024-01-21 00:00:00.000000 UTC
2024-01-20 12:00:00.000000 UTC,CHL-01,gsinima,2.9387011528015137,2024-01-21 00:00:00.000000 UTC
2024-01-20 12:00:00.000000 UTC,SPM-01,gsinima,,2024-01-21 00:00:00.000000 UTC
2024-01-19 12:00:00.000000 UTC,CHL-01,adasa,2.4821281433105469,2024-01-20 00:00:00.000000 UTC
2024-01-19 12:00:00.000000 UTC,SPM-01,adasa,1.7023732662200928,2024-01-20 00:00:00.000000 UTC
2024-01-19 12:00:00.000000 UTC,CHL-01,gsinima,2.9274816513061523,2024-01-20 00:00:00.000000 UTC
2024-01-19 12:00:00.000000 UTC,SPM-01,gsinima,1.3718249797821045,2024-01-20 00:00:00.000000 UTC
2024-01-18 12:00:00.000000 UTC,SPM-01,adasa,1.7231775522232056,2024-01-19 00:00:00.000000 UTC
2024-01-18 12:00:00.000000 UTC,CHL-01,adasa,1.0780088901519775,2024-01-19 00:00:00.000000 UTC
2024-01-18 12:00:00.000000 UTC,SPM-01,gsinima,1.5638198852539062,2024-01-19 00:00:00.000000 UTC
2024-01-18 12:00:00.000000 UTC,CHL-01,gsinima,9.8569717407226562,2024-01-19 00:00:00.000000 UTC
2024-01-17 12:00:00.000000 UTC,SPM-01,adasa,,2024-01-18 00:00:00.000000 UTC
2024-01-17 12:00:00.000000 UTC,CHL-01,adasa,0.85909759998321533,2024-01-18 00:00:00.000000 UTC
2024-01-17 12:00:00.000000 UTC,SPM-01,gsinima,0.88843643665313721,2024-01-18 00:00:00.000000 UTC
2024-01-17 12:00:00.000000 UTC,CHL-01,gsinima,4.5853114128112793,2024-01-18 00:00:00.000000 UTC
2024-01-16 12:00:00.000000 UTC,SPM-01,adasa,1.1100051403045654,2024-01-17 00:00:00.000000 UTC
2024-01-16 12:00:00.000000 UTC,CHL-01,adasa,1.3855271339416504,2024-01-17 00:00:00.000000 UTC
2024-01-16 12:00:00.000000 UTC,SPM-01,gsinima,1.0630913972854614,2024-01-17 00:00:00.000000 UTC
2024-01-16 12:00:00.000000 UTC,CHL-01,gsinima,4.1011691093444824,2024-01-17 00:00:00.000000 UTC
2024-01-15 12:00:00.000000 UTC,CHL-01,adasa,6.1004610061645508,2024-01-16 00:00:00.000000 UTC
2024-01-15 12:00:00.000000 UTC,SPM-01,adasa,2.4040007591247559,2024-01-16 00:00:00.000000 UTC
2024-01-15 12:00:00.000000 UTC,CHL-01,gsinima,7.0633611679077148,2024-01-16 00:00:00.000000 UTC
2024-01-15 12:00:00.000000 UTC,SPM-01,gsinima,0.94402229785919189,2024-01-16 00:00:00.000000 UTC
2024-01-14 12:00:00.000000 UTC,SPM-01,adasa,,2024-01-15 00:00:00.000000 UTC
2024-01-14 12:00:00.000000 UTC,CHL-01,adasa,3.5656089782714844,2024-01-15 00:00:00.000000 UTC
2024-01-14 12:00:00.000000 UTC,SPM-01,gsinima,,2024-01-15 00:00:00.000000 UTC
2024-01-14 12:00:00.000000 UTC,CHL-01,gsinima,0.31220859289169312,2024-01-15 00:00:00.000000 UTC
2024-01-13 12:00:00.000000 UTC,CHL-01,adasa,7.2763023376464844,2024-01-14 00:00:00.000000 UTC
2024-01-13 12:00:00.000000 UTC,CHL-01,adasa,7.2763023376464844,2024-01-14 00:00:00.000000 UTC
2024-01-13 12:00:00.000000 UTC,CHL-01,gsinima,0.30921733379364014,2024-01-14 00:00:00.000000 UTC
2024-01-13 12:00:00.000000 UTC,CHL-01,gsinima,0.30921733379364014,2024-01-14 00:00:00.000000 UTC
2024-01-13 12:00:00.000000 UTC,SPM-01,gsinima,1.1085410118103027,2024-01-14 00:00:00.000000 UTC
2024-01-13 12:00:00.000000 UTC,SPM-01,gsinima,1.1085410118103027,2024-01-14 00:00:00.000000 UTC
2024-01-13 12:00:00.000000 UTC,SPM-01,adasa,3.1238017082214355,2024-01-14 00:00:00.000000 UTC
2024-01-13 12:00:00.000000 UTC,SPM-01,adasa,3.1238017082214355,2024-01-14 00:00:00.000000 UTC
2024-01-11 12:00:00.000000 UTC,CHL-01,adasa,3.1008281707763672,2024-01-12 00:00:00.000000 UTC
2024-01-11 12:00:00.000000 UTC,SPM-01,adasa,1.2301146984100342,2024-01-12 00:00:00.000000 UTC
2024-01-11 12:00:00.000000 UTC,CHL-01,gsinima,2.4422831535339355,2024-01-12 00:00:00.000000 UTC
2024-01-11 12:00:00.000000 UTC,SPM-01,gsinima,1.4956209659576416,2024-01-12 00:00:00.000000 UTC
2024-01-10 12:00:00.000000 UTC,SPM-01,adasa,0.843707799911499,2024-01-11 00:00:00.000000 UTC
2024-01-10 12:00:00.000000 UTC,CHL-01,adasa,2.360964298248291,2024-01-11 00:00:00.000000 UTC
2024-01-10 12:00:00.000000 UTC,SPM-01,gsinima,0.80578887462615967,2024-01-11 00:00:00.000000 UTC
2024-01-10 12:00:00.000000 UTC,CHL-01,gsinima,1.8717005252838135,2024-01-11 00:00:00.000000 UTC
2024-01-09 12:00:00.000000 UTC,SPM-01,adasa,1.1468181610107422,2024-01-10 00:00:00.000000 UTC
2024-01-09 12:00:00.000000 UTC,CHL-01,adasa,3.2776529788970947,2024-01-10 00:00:00.000000 UTC
2024-01-09 12:00:00.000000 UTC,SPM-01,gsinima,2.3033285140991211,2024-01-10 00:00:00.000000 UTC
2024-01-09 12:00:00.000000 UTC,CHL-01,gsinima,11.217958450317383,2024-01-10 00:00:00.000000 UTC
2024-01-08 12:00:00.000000 UTC,SPM-01,adasa,1.0692884922027588,2024-01-09 00:00:00.000000 UTC
2024-01-08 12:00:00.000000 UTC,CHL-01,adasa,7.7581605911254883,2024-01-09 00:00:00.000000 UTC
2024-01-08 12:00:00.000000 UTC,SPM-01,gsinima,1.9599825143814087,2024-01-09 00:00:00.000000 UTC
2024-01-08 12:00:00.000000 UTC,CHL-01,gsinima,11.34618091583252,2024-01-09 00:00:00.000000 UTC
2024-01-07 12:00:00.000000 UTC,SPM-01,adasa,1.0654538869857788,2024-01-08 00:00:00.000000 UTC
2024-01-07 12:00:00.000000 UTC,CHL-01,adasa,2.814955472946167,2024-01-08 00:00:00.000000 UTC
2024-01-07 12:00:00.000000 UTC,SPM-01,gsinima,1.7184691429138184,2024-01-08 00:00:00.000000 UTC
2024-01-07 12:00:00.000000 UTC,CHL-01,gsinima,2.610041618347168,2024-01-08 00:00:00.000000 UTC
2024-01-06 12:00:00.000000 UTC,SPM-01,adasa,1.2579100131988525,2024-01-07 00:00:00.000000 UTC
2024-01-06 12:00:00.000000 UTC,CHL-01,adasa,0.99529117345809937,2024-01-07 00:00:00.000000 UTC
2024-01-06 12:00:00.000000 UTC,CHL-01,adasa,0.99529117345809937,2024-01-07 00:00:00.000000 UTC
2024-01-06 12:00:00.000000 UTC,SPM-01,gsinima,2.4265811443328857,2024-01-07 00:00:00.000000 UTC
2024-01-06 12:00:00.000000 UTC,CHL-01,gsinima,12.948762893676758,2024-01-07 00:00:00.000000 UTC
2024-01-06 12:00:00.000000 UTC,CHL-01,gsinima,12.948762893676758,2024-01-07 00:00:00.000000 UTC
2024-01-05 12:00:00.000000 UTC,SPM-01,adasa,1.2411191463470459,2024-01-06 00:00:00.000000 UTC
2024-01-05 12:00:00.000000 UTC,SPM-01,gsinima,2.2826459407806396,2024-01-06 00:00:00.000000 UTC
2024-01-04 12:00:00.000000 UTC,CHL-01,adasa,2.352048397064209,2024-01-05 00:00:00.000000 UTC
2024-01-04 12:00:00.000000 UTC,SPM-01,adasa,1.7559573650360107,2024-01-05 00:00:00.000000 UTC
2024-01-04 12:00:00.000000 UTC,CHL-01,gsinima,5.3513088226318359,2024-01-05 00:00:00.000000 UTC
2024-01-04 12:00:00.000000 UTC,SPM-01,gsinima,1.5206091403961182,2024-01-05 00:00:00.000000 UTC
2024-01-03 12:00:00.000000 UTC,SPM-01,adasa,1.9928411245346069,2024-01-04 00:00:00.000000 UTC
2024-01-03 12:00:00.000000 UTC,CHL-01,adasa,7.14626407623291,2024-01-04 00:00:00.000000 UTC
2024-01-03 12:00:00.000000 UTC,SPM-01,gsinima,1.2501477003097534,2024-01-04 00:00:00.000000 UTC
2024-01-03 12:00:00.000000 UTC,CHL-01,gsinima,8.58538818359375,2024-01-04 00:00:00.000000 UTC
2024-01-02 12:00:00.000000 UTC,SPM-01,adasa,1.8519408702850342,2024-01-03 00:00:00.000000 UTC
2024-01-02 12:00:00.000000 UTC,CHL-01,adasa,1.0763620138168335,2024-01-03 00:00:00.000000 UTC
2024-01-02 12:00:00.000000 UTC,SPM-01,gsinima,0.74813902378082275,2024-01-03 00:00:00.000000 UTC
2024-01-02 12:00:00.000000 UTC,CHL-01,gsinima,1.1984384059906006,2024-01-03 00:00:00.000000 UTC
2024-01-01 12:00:00.000000 UTC,CHL-01,adasa,15.354063034057617,2024-01-02 00:00:00.000000 UTC
2024-01-01 12:00:00.000000 UTC,SPM-01,adasa,2.8147261142730713,2024-01-02 00:00:00.000000 UTC
2024-01-01 12:00:00.000000 UTC,CHL-01,gsinima,0.53110599517822266,2024-01-02 00:00:00.000000 UTC
2024-01-01 12:00:00.000000 UTC,SPM-01,gsinima,0.56710660457611084,2024-01-02 00:00:00.000000 UTC
2023-12-31 12:00:00.000000 UTC,SPM-01,adasa,2.9743492603302,2024-01-01 00:00:00.000000 UTC
2023-12-31 12:00:00.000000 UTC,CHL-01,adasa,5.3863773345947266,2024-01-01 00:00:00.000000 UTC
2023-12-31 12:00:00.000000 UTC,SPM-01,gsinima,1.6331319808959961,2024-01-01 00:00:00.000000 UTC
2023-12-31 12:00:00.000000 UTC,CHL-01,gsinima,3.9219095706939697,2024-01-01 00:00:00.000000 UTC
2023-12-30 12:00:00.000000 UTC,SPM-01,adasa,2.967616081237793,2023-12-31 00:00:00.000000 UTC
2023-12-30 12:00:00.000000 UTC,CHL-01,adasa,5.9012126922607422,2023-12-31 00:00:00.000000 UTC
2023-12-30 12:00:00.000000 UTC,SPM-01,gsinima,0.66608023643493652,2023-12-31 00:00:00.000000 UTC
2023-12-30 12:00:00.000000 UTC,CHL-01,gsinima,1.1518381834030151,2023-12-31 00:00:00.000000 UTC
2023-12-29 12:00:00.000000 UTC,SPM-01,adasa,3.1332521438598633,2023-12-30 00:00:00.000000 UTC
2023-12-29 12:00:00.000000 UTC,CHL-01,adasa,12.150323867797852,2023-12-30 00:00:00.000000 UTC
2023-12-29 12:00:00.000000 UTC,SPM-01,gsinima,1.3443515300750732,2023-12-30 00:00:00.000000 UTC
2023-12-29 12:00:00.000000 UTC,CHL-01,gsinima,6.9308662414550781,2023-12-30 00:00:00.000000 UTC
2023-12-28 12:00:00.000000 UTC,SPM-01,adasa,2.8710784912109375,2023-12-29 00:00:00.000000 UTC
2023-12-28 12:00:00.000000 UTC,CHL-01,adasa,7.663081169128418,2023-12-29 00:00:00.000000 UTC
2023-12-28 12:00:00.000000 UTC,SPM-01,gsinima,1.2847580909729004,2023-12-29 00:00:00.000000 UTC
2023-12-28 12:00:00.000000 UTC,CHL-01,gsinima,1.1526966094970703,2023-12-29 00:00:00.000000 UTC
2023-12-27 12:00:00.000000 UTC,CHL-01,adasa,2.1849501132965088,2023-12-28 00:00:00.000000 UTC
2023-12-27 12:00:00.000000 UTC,SPM-01,adasa,1.5375018119812012,2023-12-28 00:00:00.000000 UTC
2023-12-27 12:00:00.000000 UTC,CHL-01,gsinima,11.740413665771484,2023-12-28 00:00:00.000000 UTC
2023-12-27 12:00:00.000000 UTC,SPM-01,gsinima,1.3701624870300293,2023-12-28 00:00:00.000000 UTC
2023-12-26 12:00:00.000000 UTC,SPM-01,adasa,0.5076104998588562,2023-12-28 00:00:00.000000 UTC
2023-12-26 12:00:00.000000 UTC,CHL-01,adasa,3.4222927093505859,2023-12-28 00:00:00.000000 UTC
2023-12-26 12:00:00.000000 UTC,SPM-01,gsinima,1.0244048833847046,2023-12-28 00:00:00.000000 UTC
2023-12-26 12:00:00.000000 UTC,CHL-01,gsinima,4.1069326400756836,2023-12-28 00:00:00.000000 UTC
2023-12-25 12:00:00.000000 UTC,SPM-01,adasa,1.0218275785446167,2023-12-26 00:00:00.000000 UTC
2023-12-25 12:00:00.000000 UTC,CHL-01,adasa,2.2643833160400391,2023-12-26 00:00:00.000000 UTC
2023-12-25 12:00:00.000000 UTC,SPM-01,gsinima,0.86512380838394165,2023-12-26 00:00:00.000000 UTC
2023-12-25 12:00:00.000000 UTC,CHL-01,gsinima,0.32228928804397583,2023-12-26 00:00:00.000000 UTC
2023-12-24 12:00:00.000000 UTC,SPM-01,adasa,0.99287635087966919,2023-12-25 00:00:00.000000 UTC
2023-12-24 12:00:00.000000 UTC,CHL-01,adasa,1.9498612880706787,2023-12-25 00:00:00.000000 UTC
2023-12-24 12:00:00.000000 UTC,SPM-01,gsinima,1.09257972240448,2023-12-25 00:00:00.000000 UTC
2023-12-24 12:00:00.000000 UTC,CHL-01,gsinima,5.2176394462585449,2023-12-25 00:00:00.000000 UTC
2023-12-23 12:00:00.000000 UTC,SPM-01,adasa,1.1481173038482666,2023-12-24 00:00:00.000000 UTC
2023-12-23 12:00:00.000000 UTC,CHL-01,adasa,1.9169633388519287,2023-12-24 00:00:00.000000 UTC
2023-12-23 12:00:00.000000 UTC,SPM-01,gsinima,0.71901845932006836,2023-12-24 00:00:00.000000 UTC
2023-12-23 12:00:00.000000 UTC,CHL-01,gsinima,1.1518163681030273,2023-12-24 00:00:00.000000 UTC
2023-12-22 12:00:00.000000 UTC,SPM-01,adasa,1.4466041326522827,2023-12-23 00:00:00.000000 UTC
2023-12-22 12:00:00.000000 UTC,CHL-01,adasa,5.9033365249633789,2023-12-23 00:00:00.000000 UTC
2023-12-22 12:00:00.000000 UTC,SPM-01,gsinima,0.67492610216140747,2023-12-23 00:00:00.000000 UTC
2023-12-22 12:00:00.000000 UTC,CHL-01,gsinima,1.5491796731948853,2023-12-23 00:00:00.000000 UTC
2023-12-21 12:00:00.000000 UTC,SPM-01,adasa,1.4797737598419189,2023-12-22 00:00:00.000000 UTC
2023-12-21 12:00:00.000000 UTC,CHL-01,adasa,2.5783400535583496,2023-12-22 00:00:00.000000 UTC
2023-12-21 12:00:00.000000 UTC,SPM-01,gsinima,1.0553998947143555,2023-12-22 00:00:00.000000 UTC
2023-12-21 12:00:00.000000 UTC,CHL-01,gsinima,0.77601063251495361,2023-12-22 00:00:00.000000 UTC
2023-12-20 12:00:00.000000 UTC,CHL-01,adasa,15.676216125488281,2023-12-21 00:00:00.000000 UTC
2023-12-20 12:00:00.000000 UTC,SPM-01,adasa,1.2844634056091309,2023-12-21 00:00:00.000000 UTC
2023-12-20 12:00:00.000000 UTC,CHL-01,gsinima,1.9853259325027466,2023-12-21 00:00:00.000000 UTC
2023-12-20 12:00:00.000000 UTC,SPM-01,gsinima,0.80359494686126709,2023-12-21 00:00:00.000000 UTC
2023-12-19 12:00:00.000000 UTC,CHL-01,adasa,2.9222946166992188,2023-12-20 00:00:00.000000 UTC
2023-12-19 12:00:00.000000 UTC,SPM-01,adasa,1.0659841299057007,2023-12-20 00:00:00.000000 UTC
2023-12-19 12:00:00.000000 UTC,CHL-01,gsinima,1.389162540435791,2023-12-20 00:00:00.000000 UTC
2023-12-19 12:00:00.000000 UTC,SPM-01,gsinima,0.74533867835998535,2023-12-20 00:00:00.000000 UTC
2023-12-18 12:00:00.000000 UTC,CHL-01,adasa,1.031639575958252,2023-12-19 00:00:00.000000 UTC
2023-12-18 12:00:00.000000 UTC,SPM-01,adasa,1.3111429214477539,2023-12-19 00:00:00.000000 UTC
2023-12-18 12:00:00.000000 UTC,CHL-01,gsinima,0.68434691429138184,2023-12-19 00:00:00.000000 UTC
2023-12-18 12:00:00.000000 UTC,SPM-01,gsinima,0.7535780668258667,2023-12-19 00:00:00.000000 UTC
2023-12-17 12:00:00.000000 UTC,CHL-01,adasa,1.0475809574127197,2023-12-18 00:00:00.000000 UTC
2023-12-17 12:00:00.000000 UTC,SPM-01,adasa,1.3433420658111572,2023-12-18 00:00:00.000000 UTC
2023-12-17 12:00:00.000000 UTC,CHL-01,gsinima,7.9909052848815918,2023-12-18 00:00:00.000000 UTC
2023-12-17 12:00:00.000000 UTC,SPM-01,gsinima,1.3903660774230957,2023-12-18 00:00:00.000000 UTC
2023-12-16 12:00:00.000000 UTC,SPM-01,adasa,2.1196463108062744,2023-12-17 00:00:00.000000 UTC
2023-12-16 12:00:00.000000 UTC,CHL-01,adasa,1.6675746440887451,2023-12-17 00:00:00.000000 UTC
2023-12-16 12:00:00.000000 UTC,SPM-01,gsinima,1.133908748626709,2023-12-17 00:00:00.000000 UTC
2023-12-16 12:00:00.000000 UTC,CHL-01,gsinima,4.4845318794250488,2023-12-17 00:00:00.000000 UTC
2023-12-15 12:00:00.000000 UTC,SPM-01,adasa,2.4985952377319336,2023-12-16 00:00:00.000000 UTC
2023-12-15 12:00:00.000000 UTC,CHL-01,adasa,5.5475664138793945,2023-12-16 00:00:00.000000 UTC
2023-12-15 12:00:00.000000 UTC,SPM-01,gsinima,1.5562870502471924,2023-12-16 00:00:00.000000 UTC
2023-12-15 12:00:00.000000 UTC,CHL-01,gsinima,11.398183822631836,2023-12-16 00:00:00.000000 UTC
2023-12-14 12:00:00.000000 UTC,CHL-01,adasa,1.9418418407440186,2023-12-15 00:00:00.000000 UTC
2023-12-14 12:00:00.000000 UTC,SPM-01,adasa,2.27846622467041,2023-12-15 00:00:00.000000 UTC
2023-12-14 12:00:00.000000 UTC,CHL-01,gsinima,12.20667552947998,2023-12-15 00:00:00.000000 UTC
2023-12-14 12:00:00.000000 UTC,SPM-01,gsinima,1.5114059448242188,2023-12-15 00:00:00.000000 UTC
2023-12-13 12:00:00.000000 UTC,CHL-01,adasa,3.0981884002685547,2023-12-14 00:00:00.000000 UTC
2023-12-13 12:00:00.000000 UTC,SPM-01,adasa,1.8850178718566895,2023-12-14 00:00:00.000000 UTC
2023-12-13 12:00:00.000000 UTC,CHL-01,gsinima,0.29885613918304443,2023-12-14 00:00:00.000000 UTC
2023-12-13 12:00:00.000000 UTC,SPM-01,gsinima,0.86333894729614258,2023-12-14 00:00:00.000000 UTC
2023-12-12 12:00:00.000000 UTC,SPM-01,adasa,1.9420013427734375,2023-12-13 00:00:00.000000 UTC
2023-12-12 12:00:00.000000 UTC,CHL-01,adasa,3.7365705966949463,2023-12-13 00:00:00.000000 UTC
2023-12-12 12:00:00.000000 UTC,SPM-01,gsinima,0.81703585386276245,2023-12-13 00:00:00.000000 UTC
2023-12-12 12:00:00.000000 UTC,CHL-01,gsinima,0.381866455078125,2023-12-13 00:00:00.000000 UTC
2023-12-11 12:00:00.000000 UTC,SPM-01,adasa,2.1224136352539062,2023-12-12 00:00:00.000000 UTC
2023-12-11 12:00:00.000000 UTC,CHL-01,adasa,2.175757884979248,2023-12-12 00:00:00.000000 UTC
2023-12-11 12:00:00.000000 UTC,SPM-01,gsinima,0.97167313098907471,2023-12-12 00:00:00.000000 UTC
2023-12-11 12:00:00.000000 UTC,CHL-01,gsinima,5.338097095489502,2023-12-12 00:00:00.000000 UTC
2023-12-10 12:00:00.000000 UTC,SPM-01,adasa,,2023-12-11 00:00:00.000000 UTC
2023-12-10 12:00:00.000000 UTC,CHL-01,adasa,1.4670665264129639,2023-12-11 00:00:00.000000 UTC
2023-12-10 12:00:00.000000 UTC,SPM-01,gsinima,,2023-12-11 00:00:00.000000 UTC
2023-12-10 12:00:00.000000 UTC,CHL-01,gsinima,0.29427790641784668,2023-12-11 00:00:00.000000 UTC
2023-12-09 12:00:00.000000 UTC,SPM-01,adasa,,2023-12-10 00:00:00.000000 UTC
2023-12-09 12:00:00.000000 UTC,CHL-01,adasa,1.4671261310577393,2023-12-10 00:00:00.000000 UTC
2023-12-09 12:00:00.000000 UTC,SPM-01,gsinima,,2023-12-10 00:00:00.000000 UTC
2023-12-09 12:00:00.000000 UTC,CHL-01,gsinima,0.29450789093971252,2023-12-10 00:00:00.000000 UTC
2023-12-08 12:00:00.000000 UTC,CHL-01,adasa,2.8832426071166992,2023-12-09 00:00:00.000000 UTC
2023-12-08 12:00:00.000000 UTC,SPM-01,adasa,2.9427900314331055,2023-12-09 00:00:00.000000 UTC
2023-12-08 12:00:00.000000 UTC,CHL-01,gsinima,0.30597549676895142,2023-12-09 00:00:00.000000 UTC
2023-12-08 12:00:00.000000 UTC,SPM-01,gsinima,,2023-12-09 00:00:00.000000 UTC
2023-12-07 12:00:00.000000 UTC,CHL-01,adasa,3.5191879272460938,2023-12-08 00:00:00.000000 UTC
2023-12-07 12:00:00.000000 UTC,SPM-01,adasa,3.5353305339813232,2023-12-08 00:00:00.000000 UTC
2023-12-07 12:00:00.000000 UTC,CHL-01,gsinima,0.30488243699073792,2023-12-08 00:00:00.000000 UTC
2023-12-07 12:00:00.000000 UTC,SPM-01,gsinima,,2023-12-08 00:00:00.000000 UTC
2023-12-06 12:00:00.000000 UTC,CHL-01,adasa,1.7634096145629883,2023-12-07 00:00:00.000000 UTC
2023-12-06 12:00:00.000000 UTC,SPM-01,adasa,1.8767597675323486,2023-12-07 00:00:00.000000 UTC
2023-12-06 12:00:00.000000 UTC,CHL-01,gsinima,0.30504292249679565,2023-12-07 00:00:00.000000 UTC
2023-12-06 12:00:00.000000 UTC,SPM-01,gsinima,0.64816689491271973,2023-12-07 00:00:00.000000 UTC
2023-12-05 12:00:00.000000 UTC,SPM-01,adasa,2.0625362396240234,2023-12-06 00:00:00.000000 UTC
2023-12-05 12:00:00.000000 UTC,CHL-01,adasa,3.1915998458862305,2023-12-06 00:00:00.000000 UTC
2023-12-05 12:00:00.000000 UTC,SPM-01,gsinima,,2023-12-06 00:00:00.000000 UTC
2023-12-05 12:00:00.000000 UTC,CHL-01,gsinima,0.44587156176567078,2023-12-06 00:00:00.000000 UTC
2023-12-04 12:00:00.000000 UTC,CHL-01,adasa,3.2824516296386719,2023-12-05 00:00:00.000000 UTC
2023-12-04 12:00:00.000000 UTC,SPM-01,adasa,1.949357271194458,2023-12-05 00:00:00.000000 UTC
2023-12-04 12:00:00.000000 UTC,CHL-01,gsinima,0.51070082187652588,2023-12-05 00:00:00.000000 UTC
2023-12-04 12:00:00.000000 UTC,SPM-01,gsinima,0.87488275766372681,2023-12-05 00:00:00.000000 UTC
2023-12-03 12:00:00.000000 UTC,SPM-01,adasa,1.3812236785888672,2023-12-04 00:00:00.000000 UTC
2023-12-03 12:00:00.000000 UTC,CHL-01,adasa,4.9523630142211914,2023-12-04 00:00:00.000000 UTC
2023-12-03 12:00:00.000000 UTC,SPM-01,gsinima,0.67959022521972656,2023-12-04 00:00:00.000000 UTC
2023-12-03 12:00:00.000000 UTC,CHL-01,gsinima,0.42571991682052612,2023-12-04 00:00:00.000000 UTC
2023-12-02 12:00:00.000000 UTC,CHL-01,adasa,2.5869684219360352,2023-12-03 00:00:00.000000 UTC
2023-12-02 12:00:00.000000 UTC,SPM-01,adasa,1.1886603832244873,2023-12-03 00:00:00.000000 UTC
2023-12-02 12:00:00.000000 UTC,CHL-01,gsinima,0.56229132413864136,2023-12-03 00:00:00.000000 UTC
2023-12-02 12:00:00.000000 UTC,SPM-01,gsinima,0.58955729007720947,2023-12-03 00:00:00.000000 UTC
2023-12-01 12:00:00.000000 UTC,SPM-01,adasa,1.1470537185668945,2023-12-02 00:00:00.000000 UTC
2023-12-01 12:00:00.000000 UTC,CHL-01,adasa,7.2037162780761719,2023-12-02 00:00:00.000000 UTC
2023-12-01 12:00:00.000000 UTC,SPM-01,gsinima,0.39141786098480225,2023-12-02 00:00:00.000000 UTC
2023-12-01 12:00:00.000000 UTC,CHL-01,gsinima,0.97660315036773682,2023-12-02 00:00:00.000000 UTC
2023-11-30 12:00:00.000000 UTC,SPM-01,adasa,1.0088293552398682,2023-12-01 00:00:00.000000 UTC
2023-11-30 12:00:00.000000 UTC,CHL-01,adasa,0.92556226253509521,2023-12-01 00:00:00.000000 UTC
2023-11-30 12:00:00.000000 UTC,SPM-01,gsinima,,2023-12-01 00:00:00.000000 UTC
2023-11-30 12:00:00.000000 UTC,CHL-01,gsinima,0.23250417411327362,2023-12-01 00:00:00.000000 UTC
2023-11-29 12:00:00.000000 UTC,CHL-01,adasa,2.0333395004272461,2023-11-30 00:00:00.000000 UTC
2023-11-29 12:00:00.000000 UTC,SPM-01,adasa,0.64321756362915039,2023-11-30 00:00:00.000000 UTC
2023-11-29 12:00:00.000000 UTC,CHL-01,gsinima,0.36850565671920776,2023-11-30 00:00:00.000000 UTC
2023-11-29 12:00:00.000000 UTC,SPM-01,gsinima,0.59098261594772339,2023-11-30 00:00:00.000000 UTC
2023-11-28 12:00:00.000000 UTC,SPM-01,adasa,0.87913382053375244,2023-11-29 00:00:00.000000 UTC
2023-11-28 12:00:00.000000 UTC,CHL-01,adasa,1.6428544521331787,2023-11-29 00:00:00.000000 UTC
2023-11-28 12:00:00.000000 UTC,SPM-01,gsinima,0.78696709871292114,2023-11-29 00:00:00.000000 UTC
2023-11-28 12:00:00.000000 UTC,CHL-01,gsinima,4.4416470527648926,2023-11-29 00:00:00.000000 UTC
2023-11-27 12:00:00.000000 UTC,SPM-01,adasa,0.91315436363220215,2023-11-28 00:00:00.000000 UTC
2023-11-27 12:00:00.000000 UTC,CHL-01,adasa,2.2711007595062256,2023-11-28 00:00:00.000000 UTC
2023-11-27 12:00:00.000000 UTC,SPM-01,gsinima,0.66847360134124756,2023-11-28 00:00:00.000000 UTC
2023-11-27 12:00:00.000000 UTC,CHL-01,gsinima,2.0642745494842529,2023-11-28 00:00:00.000000 UTC
2023-11-26 12:00:00.000000 UTC,CHL-01,adasa,4.8011894226074219,2023-11-27 00:00:00.000000 UTC
2023-11-26 12:00:00.000000 UTC,SPM-01,adasa,0.971078634262085,2023-11-27 00:00:00.000000 UTC
2023-11-26 12:00:00.000000 UTC,CHL-01,gsinima,3.0622007846832275,2023-11-27 00:00:00.000000 UTC
2023-11-26 12:00:00.000000 UTC,SPM-01,gsinima,0.61940252780914307,2023-11-27 00:00:00.000000 UTC
2023-11-25 12:00:00.000000 UTC,SPM-01,adasa,1.2670638561248779,2023-11-26 00:00:00.000000 UTC
2023-11-25 12:00:00.000000 UTC,CHL-01,adasa,1.6509606838226318,2023-11-26 00:00:00.000000 UTC
2023-11-25 12:00:00.000000 UTC,SPM-01,gsinima,0.82594853639602661,2023-11-26 00:00:00.000000 UTC
2023-11-25 12:00:00.000000 UTC,CHL-01,gsinima,0.98157835006713867,2023-11-26 00:00:00.000000 UTC
2023-11-24 12:00:00.000000 UTC,CHL-01,adasa,3.945469856262207,2023-11-25 00:00:00.000000 UTC
2023-11-24 12:00:00.000000 UTC,SPM-01,adasa,1.0311169624328613,2023-11-25 00:00:00.000000 UTC
2023-11-24 12:00:00.000000 UTC,CHL-01,gsinima,4.5536222457885742,2023-11-25 00:00:00.000000 UTC
2023-11-24 12:00:00.000000 UTC,SPM-01,gsinima,1.2274651527404785,2023-11-25 00:00:00.000000 UTC
2023-11-23 12:00:00.000000 UTC,SPM-01,adasa,1.3857924938201904,2023-11-24 00:00:00.000000 UTC
2023-11-23 12:00:00.000000 UTC,CHL-01,adasa,3.3851442337036133,2023-11-24 00:00:00.000000 UTC
2023-11-23 12:00:00.000000 UTC,SPM-01,gsinima,1.1809847354888916,2023-11-24 00:00:00.000000 UTC
2023-11-23 12:00:00.000000 UTC,CHL-01,gsinima,5.8415446281433105,2023-11-24 00:00:00.000000 UTC
2023-11-22 12:00:00.000000 UTC,SPM-01,adasa,1.6528862714767456,2023-11-23 00:00:00.000000 UTC
2023-11-22 12:00:00.000000 UTC,CHL-01,adasa,3.5266942977905273,2023-11-23 00:00:00.000000 UTC
2023-11-22 12:00:00.000000 UTC,SPM-01,gsinima,0.95197737216949463,2023-11-23 00:00:00.000000 UTC
2023-11-22 12:00:00.000000 UTC,CHL-01,gsinima,0.81690216064453125,2023-11-23 00:00:00.000000 UTC
2023-11-21 12:00:00.000000 UTC,CHL-01,adasa,1.9480149745941162,2023-11-22 00:00:00.000000 UTC
2023-11-21 12:00:00.000000 UTC,SPM-01,adasa,1.9400889873504639,2023-11-22 00:00:00.000000 UTC
2023-11-21 12:00:00.000000 UTC,CHL-01,gsinima,0.86554449796676636,2023-11-22 00:00:00.000000 UTC
2023-11-21 12:00:00.000000 UTC,SPM-01,gsinima,0.75450634956359863,2023-11-22 00:00:00.000000 UTC
2023-11-20 12:00:00.000000 UTC,SPM-01,adasa,1.8103010654449463,2023-11-21 00:00:00.000000 UTC
2023-11-20 12:00:00.000000 UTC,CHL-01,adasa,2.0278072357177734,2023-11-21 00:00:00.000000 UTC
2023-11-20 12:00:00.000000 UTC,SPM-01,gsinima,1.6533981561660767,2023-11-21 00:00:00.000000 UTC
2023-11-20 12:00:00.000000 UTC,CHL-01,gsinima,0.30038940906524658,2023-11-21 00:00:00.000000 UTC
2023-11-19 12:00:00.000000 UTC,CHL-01,adasa,4.86906623840332,2023-11-20 00:00:00.000000 UTC
2023-11-19 12:00:00.000000 UTC,SPM-01,adasa,1.8282449245452881,2023-11-20 00:00:00.000000 UTC
2023-11-19 12:00:00.000000 UTC,CHL-01,gsinima,0.36716669797897339,2023-11-20 00:00:00.000000 UTC
2023-11-19 12:00:00.000000 UTC,SPM-01,gsinima,1.1510123014450073,2023-11-20 00:00:00.000000 UTC
2023-11-18 12:00:00.000000 UTC,CHL-01,adasa,1.715106725692749,2023-11-19 00:00:00.000000 UTC
2023-11-18 12:00:00.000000 UTC,SPM-01,adasa,1.8253602981567383,2023-11-19 00:00:00.000000 UTC
2023-11-18 12:00:00.000000 UTC,CHL-01,gsinima,0.44483852386474609,2023-11-19 00:00:00.000000 UTC
2023-11-18 12:00:00.000000 UTC,SPM-01,gsinima,0.6408696174621582,2023-11-19 00:00:00.000000 UTC
2023-11-17 12:00:00.000000 UTC,SPM-01,adasa,,2023-11-18 00:00:00.000000 UTC
2023-11-17 12:00:00.000000 UTC,CHL-01,adasa,1.5097343921661377,2023-11-18 00:00:00.000000 UTC
2023-11-17 12:00:00.000000 UTC,SPM-01,gsinima,0.74187999963760376,2023-11-18 00:00:00.000000 UTC
2023-11-17 12:00:00.000000 UTC,CHL-01,gsinima,1.3032898902893066,2023-11-18 00:00:00.000000 UTC
2023-11-16 12:00:00.000000 UTC,SPM-01,adasa,0.951970100402832,2023-11-17 00:00:00.000000 UTC
2023-11-16 12:00:00.000000 UTC,CHL-01,adasa,0.92553049325942993,2023-11-17 00:00:00.000000 UTC
2023-11-16 12:00:00.000000 UTC,SPM-01,gsinima,,2023-11-17 00:00:00.000000 UTC
2023-11-16 12:00:00.000000 UTC,CHL-01,gsinima,0.55055069923400879,2023-11-17 00:00:00.000000 UTC
2023-11-15 12:00:00.000000 UTC,CHL-01,adasa,0.76345670223236084,2023-11-16 00:00:00.000000 UTC
2023-11-15 12:00:00.000000 UTC,SPM-01,adasa,,2023-11-16 00:00:00.000000 UTC
2023-11-15 12:00:00.000000 UTC,CHL-01,gsinima,0.4898456335067749,2023-11-16 00:00:00.000000 UTC
2023-11-15 12:00:00.000000 UTC,SPM-01,gsinima,,2023-11-16 00:00:00.000000 UTC
2023-11-14 12:00:00.000000 UTC,SPM-01,adasa,0.91220176219940186,2023-11-15 00:00:00.000000 UTC
2023-11-14 12:00:00.000000 UTC,CHL-01,adasa,0.76383930444717407,2023-11-15 00:00:00.000000 UTC
2023-11-14 12:00:00.000000 UTC,SPM-01,gsinima,0.47967112064361572,2023-11-15 00:00:00.000000 UTC
2023-11-14 12:00:00.000000 UTC,CHL-01,gsinima,0.49155315756797791,2023-11-15 00:00:00.000000 UTC
2023-11-13 12:00:00.000000 UTC,CHL-01,adasa,0.50581669807434082,2023-11-14 00:00:00.000000 UTC
2023-11-13 12:00:00.000000 UTC,SPM-01,adasa,1.1418390274047852,2023-11-14 00:00:00.000000 UTC
2023-11-13 12:00:00.000000 UTC,CHL-01,gsinima,0.91583430767059326,2023-11-14 00:00:00.000000 UTC
2023-11-13 12:00:00.000000 UTC,SPM-01,gsinima,0.54954034090042114,2023-11-14 00:00:00.000000 UTC
2023-11-12 12:00:00.000000 UTC,SPM-01,gsinima,0.42750048637390137,2023-11-13 00:00:00.000000 UTC
2023-11-12 12:00:00.000000 UTC,SPM-01,gsinima,0.42750048637390137,2023-11-13 00:00:00.000000 UTC
2023-11-12 12:00:00.000000 UTC,SPM-01,gsinima,0.42750048637390137,2023-11-13 00:00:00.000000 UTC
2023-11-12 12:00:00.000000 UTC,CHL-01,gsinima,0.59685343503952026,2023-11-13 00:00:00.000000 UTC
2023-11-12 12:00:00.000000 UTC,CHL-01,gsinima,0.59685343503952026,2023-11-13 00:00:00.000000 UTC
2023-11-12 12:00:00.000000 UTC,SPM-01,adasa,0.78735733032226562,2023-11-13 00:00:00.000000 UTC
2023-11-12 12:00:00.000000 UTC,SPM-01,adasa,0.78735733032226562,2023-11-13 00:00:00.000000 UTC
2023-11-12 12:00:00.000000 UTC,SPM-01,adasa,0.78735733032226562,2023-11-13 00:00:00.000000 UTC
2023-11-12 12:00:00.000000 UTC,CHL-01,adasa,0.64182722568511963,2023-11-13 00:00:00.000000 UTC
2023-11-12 12:00:00.000000 UTC,CHL-01,adasa,0.64182722568511963,2023-11-13 00:00:00.000000 UTC
2023-11-12 12:00:00.000000 UTC,CHL-01,adasa,0.53616964817047119,2023-11-24 00:00:00.000000 UTC
2023-11-12 12:00:00.000000 UTC,CHL-01,gsinima,0.432086706161499,2023-11-24 00:00:00.000000 UTC
2023-11-11 12:00:00.000000 UTC,CHL-01,adasa,0.95280897617340088,2023-11-24 00:00:00.000000 UTC
2023-11-11 12:00:00.000000 UTC,CHL-01,gsinima,0.27293241024017334,2023-11-24 00:00:00.000000 UTC
2023-11-10 12:00:00.000000 UTC,CHL-01,gsinima,0.48342591524124146,2023-11-13 00:00:00.000000 UTC
2023-11-10 12:00:00.000000 UTC,SPM-01,gsinima,0.40453606843948364,2023-11-13 00:00:00.000000 UTC
2023-11-10 12:00:00.000000 UTC,SPM-01,adasa,,2023-11-13 00:00:00.000000 UTC
2023-11-10 12:00:00.000000 UTC,CHL-01,adasa,0.70964187383651733,2023-11-13 00:00:00.000000 UTC
2023-11-10 12:00:00.000000 UTC,CHL-01,adasa,0.70964187383651733,2023-11-11 00:00:00.000000 UTC
2023-11-10 12:00:00.000000 UTC,CHL-01,adasa,0.70964187383651733,2023-11-11 00:00:00.000000 UTC
2023-11-10 12:00:00.000000 UTC,CHL-01,gsinima,0.48342591524124146,2023-11-11 00:00:00.000000 UTC
2023-11-10 12:00:00.000000 UTC,CHL-01,gsinima,0.48342591524124146,2023-11-11 00:00:00.000000 UTC
2023-11-10 12:00:00.000000 UTC,SPM-01,adasa,,2023-11-11 00:00:00.000000 UTC
2023-11-10 12:00:00.000000 UTC,SPM-01,adasa,,2023-11-11 00:00:00.000000 UTC
2023-11-10 12:00:00.000000 UTC,SPM-01,gsinima,0.40453606843948364,2023-11-11 00:00:00.000000 UTC
2023-11-10 12:00:00.000000 UTC,SPM-01,gsinima,0.40453606843948364,2023-11-11 00:00:00.000000 UTC
2023-11-09 12:00:00.000000 UTC,CHL-01,adasa,0.98119604587554932,2023-11-11 00:00:00.000000 UTC
2023-11-09 12:00:00.000000 UTC,CHL-01,gsinima,1.5024487972259521,2023-11-11 00:00:00.000000 UTC
2023-11-09 12:00:00.000000 UTC,SPM-01,adasa,,2023-11-11 00:00:00.000000 UTC
2023-11-09 12:00:00.000000 UTC,SPM-01,gsinima,0.47257125377655029,2023-11-11 00:00:00.000000 UTC
2023-11-09 12:00:00.000000 UTC,SPM-01,adasa,,2023-11-10 00:00:00.000000 UTC
2023-11-09 12:00:00.000000 UTC,CHL-01,adasa,0.98119604587554932,2023-11-10 00:00:00.000000 UTC
2023-11-09 12:00:00.000000 UTC,SPM-01,gsinima,0.47257125377655029,2023-11-10 00:00:00.000000 UTC
2023-11-09 12:00:00.000000 UTC,CHL-01,gsinima,1.5024487972259521,2023-11-10 00:00:00.000000 UTC
2023-11-08 12:00:00.000000 UTC,CHL-01,adasa,1.9346911907196045,2023-11-11 00:00:00.000000 UTC
2023-11-08 12:00:00.000000 UTC,CHL-01,gsinima,1.0439507961273193,2023-11-11 00:00:00.000000 UTC
2023-11-08 12:00:00.000000 UTC,SPM-01,adasa,1.1645150184631348,2023-11-11 00:00:00.000000 UTC
2023-11-08 12:00:00.000000 UTC,SPM-01,gsinima,0.64842844009399414,2023-11-11 00:00:00.000000 UTC
2023-11-07 12:00:00.000000 UTC,CHL-01,adasa,0.76628530025482178,2023-11-11 00:00:00.000000 UTC
2023-11-07 12:00:00.000000 UTC,CHL-01,gsinima,2.1313202381134033,2023-11-11 00:00:00.000000 UTC
2023-11-07 12:00:00.000000 UTC,SPM-01,adasa,,2023-11-11 00:00:00.000000 UTC
2023-11-07 12:00:00.000000 UTC,SPM-01,gsinima,0.68125408887863159,2023-11-11 00:00:00.000000 UTC